filename,Title,final_inclusion_status,exclusion_reason,citekey,authors,year,publication_type,doi,network_environment,swarm_algorithm,agent_characteristics,operational_action,handling_of_disconnections,key_metrics_and_results,limitations,full_citation
1-s2.0-S0140366421002309-main.pdf,Optimizing the performance of vehicular delay tolerant networks using multi-objective PSO and artificial intelligence,Include,,Chourasia2021,"Vishakha Chourasia, Sudhakar Pandey, Sanjay Kumar",2021,Journal,10.1016/j.comcom.2021.06.006,Vehicular Delay Tolerant Network (VDTN) in an urban scenario (Helsinki city map),Multi-Objective Particle Swarm Optimization (MOPSO),Offline swarm optimization in MATLAB coupled with ONE simulator; particles represent 5-dimensional weight vectors for social parameters used in distributed forwarding,Routing / Opportunistic packet forwarding optimization (optimizing weight coefficients of social attributes to compute next-hop forwarding probability),Store-carry-forward (SCF) mechanism where vehicles buffer messages until an opportunistic encounter with a suitable intermediate or destination node occurs,"Optimized delivery ratio (max 0.5584), latency/delay (min 950.32 s), and overhead ratio (min 35.10). Outperformed Epidemic, PRoPHET, and MaxProp protocols, confirmed by Friedman and Nemenyi non-parametric statistical tests.",The MOPSO optimization framework operates offline; evaluated using simulated synthetic mobility without storage/buffer constraints.,"[1]V. Chourasia, S. Pandey, and S. Kumar, âOptimizing the performance of vehicular delay tolerant networks using multi-objective PSO and artificial intelligence,â Computer Communications, vol. 177, pp. 10â23, Sep. 2021, doi: 10.1016/j.comcom.2021.06.006."
1-s2.0-S1084804522000534-main.pdf,Transformation from IoT to IoV for waste management in smart cities,Include,,Ijemaru2022,"Gerald K. Ijemaru, Li Minn Ang, Kah Phooi Seng",2022,Journal,10.1016/j.jnca.2022.103393,Opportunistic Vehicular Edge / Internet of Vehicles (IoV) collecting data from Large-Scale Wireless Sensor Networks (LS-WSNs) in smart cities,Ant Colony Optimization routing (specifically Flooded Forward Ant Routing [FFR] and MCBR-AST),"Distributed edge nodes consisting of battery-powered sensing smart bins and mobile data collectors (vehicles like buses, taxis, cars) acting as relay agents",Opportunistic data collection and multi-hop routing,Employs delay-tolerant opportunistic store-carry-and-forward via mobile data collectors (MDCs/MULEs) and swarm-based dynamic link estimation probabilities to adapt to dynamic network topology changes,"Evaluated packet delivery ratio (PDR), throughput, latency, energy consumption, and energy efficiency. Swarm algorithms (FFR: 95% PDR, AST: 90% PDR) substantially outperformed classical AODV (45.98% PDR) and CFR (57.0% PDR) while reducing energy consumption significantly.",Simulations were conducted in a constrained 160m x 160m synthetic grid in RMASE/PROWLER rather than full-scale urban city traces; inherent high latency in opportunistic MDCs.,"[1]G. K. Ijemaru, L. M. Ang, and K. P. Seng, âTransformation from IoT to IoV for waste management in smart cities,â Journal of Network and Computer Applications, vol. 204, p. 103393, Aug. 2022, doi: 10.1016/j.jnca.2022.103393."
1-s2.0-S1568494623007354-main.pdf,Energy efficient resource allocation algorithms combining PSO with FLC and Taguchi method in hybrid opportunistic networks,Include,,Chen2023,"Young-Long Chen, Yan-Hao Lin, Hsin-Yu Chen, Kai-Chun Hung",2023,Journal,10.1016/j.asoc.2023.110717,Hybrid opportunistic mobile edge network (dual-radio Wi-Fi and LTE-A cellular),Particle Swarm Optimization combined with Fuzzy Logic Control and Taguchi method (PSO-FLC-TA),Mobile device nodes acting as particles optimizing cluster head selection based on residual energy and communication quality,"Cluster head selection, multi-hop cluster formation/routing, and QoS-aware priority weighted resource allocation (PWRR/PWRC)","Cluster reorganization via invitation, join, status, and dismiss control messages; data packet buffering at mobile devices when transmission resources are insufficient","Prolonged network lifetime (first node depletion delayed to round 210 vs round 120 in DRONEE-W), increased average throughput up to 89.71 Mbps (5.58% increase), reduced average buffer size by 24.29%, and reduced average delay time by 64.6% (down to 2.0648 s)",Evaluated in a small simulation setup (30 fixed randomly deployed nodes in a 200x200 m area); high physical device mobility and dynamic movement patterns are not explicitly tested,"[1]Y.-L. Chen, Y.-H. Lin, H.-Y. Chen, and K.-C. Hung, âEnergy efficient resource allocation algorithms combining PSO with FLC and Taguchi method in hybrid opportunistic networks,â Applied Soft Computing, vol. 148, p. 110717, Nov. 2023, doi: 10.1016/j.asoc.2023.110717."
1-s2.0-S1570870522000920-main.pdf,Enhanced UAV-aided vehicular delay tolerant network (VDTN) routing for urban environment using a bio-inspired approach,Include,,Azzoug2022,"Youcef Azzoug, Abdelmadjid Boukra",2022,Journal,10.1016/j.adhoc.2022.102902,UAV-aided Vehicular Delay Tolerant Networks (UVDTNs) in sparse urban environments,Social Spider Optimization (SSO) adapted to evaluate next-hop relay fitness using female spider vibration/attraction models based on historical SCF forwarding factors and geographic distance ratios,Distributed execution across edge nodes (ground vehicles and UAVs) upon opportunistic contact encounters,"Opportunistic Store-Carry-and-Forward (SCF) routing and relay node selection across V2V, V2U, U2V, and U2U links",Opportunistic Store-Carry-and-Forward (SCF) with dynamic multi-copy exploration phase and restricted single-copy local-search phase,"Evaluated average delivery delay, delivery probability, bundle relay cost, and overhead ratio. Spider-UVDR achieved higher delivery probability (up to ~95%) and significantly reduced relay cost and overhead compared to benchmark protocols (UAV-VDTN, UADD, GSaR, LDAOR, GeoVDM).",Performance degrades in extremely sparse scenarios and high bundle generation rates due to historical data starvation and node re-selection; assumes UAVs have unlimited energy via solar harvesters.,"[1]Y. Azzoug and A. Boukra, âEnhanced UAV-aided vehicular delay tolerant network (VDTN) routing for urban environment using a bio-inspired approach,â Ad Hoc Networks, vol. 133, p. 102902, Aug. 2022, doi: 10.1016/j.adhoc.2022.102902."
1-s2.0-S1874490726003162-main.pdf,Optimization framework for resource allocation and task scheduling in UAV enabled mobile edge computing,Exclude,Assumes continuous direct connectivity within the coverage area during task offloading (quasi-static snapshot) rather than an intermittent or delay-tolerant network environment.,Irshad2026,"Muhammad Nauman Irshad, Muhammad Muzamil Aslam, Muhammad Ejaz",2026,Journal,10.1016/j.phycom.2026.103307,UAV-enabled Mobile Edge Computing (MEC),Hybrid Genetic Algorithm and Particle Swarm Optimization (Hybrid GA-PSO) with priority-weighted k-means clustering initialization,Centralized optimizer proposing continuous 2D horizontal positions for a fleet of rotary-wing UAV edge servers,"Joint UAV placement, task admission/assignment, and priority-proportional CPU resource allocation",Users outside coverage radius or failing minimum SINR thresholds are unassigned and penalized in the scalarized objective function.,"Achieved 83.5% task completion rate, 83.2% user coverage, 3.57 s average latency, and 0.941 tasks/J energy efficiency, outperforming DDQN, pure PSO, and pure GA baselines.","Assumes fixed UAV altitude, operates in quasi-static deployment epochs without online trajectory tracking for dynamic mobility, and assumes single-hop connectivity during task execution.","[1]M. Nauman Irshad, M. M. Aslam, and M. Ejaz, âOptimization framework for resource allocation and task scheduling in UAV enabled mobile edge computing,â Physical Communication, vol. 79, p. 103307, Oct. 2026, doi: 10.1016/j.phycom.2026.103307."
1-s2.0-S1877050924029533-main.pdf,An energy-efficient routing scheme for underwater wireless sensor networks based on improved ACO,Include,,Jiang2024,"Weili Jiang, Jun Ye",2024,Conference Proceedings,10.1016/j.procs.2024.10.153,Underwater Wireless Sensor Networks (UWSNs) / Underwater IoT,"Improved Ant Colony Optimization (ACO) incorporating fuzzy-logic-based link quality, node residual energy, and transmission distance into heuristic functions",Distributed underwater sensor nodes (UW-sensors) maintaining local neighbor log tables and running forward/backward ant state transfer rules,Multi-hop opportunistic data routing and next-hop candidate forwarding selection toward surface buoy nodes,Opportunistic forwarding coordination using priority-based delay timers and local data caching; void nodes unable to receive interest frames are omitted from neighbor chain lists,"Protocol analytically resolves load imbalance, mitigates node voids, and prolongs network lifetime while balancing energy consumption; no quantitative/numerical simulation data presented in text",Lacks empirical/simulation experiments and benchmark comparisons; assumes relatively stable sensor positions underwater,"[1]W. Jiang and J. Ye, âAn energy-efficient routing scheme for underwater wireless sensor networks based on improved ACO,â Procedia Computer Science, vol. 247, pp. 1277â1284, 2024, doi: 10.1016/j.procs.2024.10.153."
1-s2.0-S2542660525003233-main.pdf,CONTEXT-NET: A context-aware nexus-based aggregation protocol for opportunistic networks,Include,,Raman2025,"Rounak Raman, Ayush Yadav, Deepika Kukreja, Deepak Kumar Sharma",2025,Journal,10.1016/j.iot.2025.101809,"Opportunistic IoT networks / Delay Tolerant Networks with mobile edge devices, data keepers, and central core",Localized Ant Colony Optimization (ACO) with pheromone feedback and evaporation mechanisms for path selection and congestion avoidance,"Heterogeneous architecture comprising distributed IoT edge nodes, mobile data keepers acting as ferries, and a dynamically elected core super-node","Adaptive routing, trajectory optimization of data keepers, TDMA-like sector scheduling, and context-aware data aggregation",Store-carry-forward DTN paradigm with TTL buffer management and PRoPHET-based probabilistic replication,"Attained 94.72% throughput stability, increased delivery probability by 6.45% scaling from 50 to 100 nodes, reduced one-hop delay by 28%, decreased end-to-end delay by 7.9%, and lowered mean overhead by 5.96%",Evaluated exclusively via MATLAB simulations with simplified radio/interference abstractions rather than realistic physical testbeds; limited evaluation across heterogeneous device hardware.,"[1]R. Raman, A. Yadav, D. Kukreja, and D. K. Sharma, âCONTEXT-NET: A context-aware nexus-based aggregation protocol for opportunistic networks,â Internet of Things, vol. 34, p. 101809, Nov. 2025, doi: 10.1016/j.iot.2025.101809."
125101N.pdf,Research on task scheduling in satellite edge computing,Include,,Hu2023,"Yifei Hu, Wenbin Gong",2023,Conference Proceedings,10.1117/12.2656756,LEO satellite edge computing network,"Hybrid Genetic Binary Particle Swarm Optimization (GABPSO), integrating GA crossover and mutation operators into discrete BPSO",Centralized optimizer where swarm particles represent binary mapping solutions of subtasks to satellite nodes across time slots,Dependent task scheduling and computation offloading,"Employs a Satellite Time-Expansion Graph (SatTEG) dividing time into discrete slots, buffering and carrying unfinished data across consecutive time slots via virtual temporal links",Evaluated task completion delay and convergence rate. GABPSO achieved faster convergence and lower completion delay compared to standard GA and BPSO across varying numbers of high-load satellites and computational complexity levels.,"Restricted to a single-user, single-service static scheduling scenario; does not address multi-user dynamic scheduling or unexpected link failures.","[1]Y. Hu and W. Gong, âResearch on task scheduling in satellite edge computing,â International Conference on Statistics, Data Science, and Computational Intelligence (CSDSCI 2022), p. 9, Jan. 2023, doi: 10.1117/12.2656756."
16a677cc-55af-4346-8768-1e531f062921.pdf,DOI not found (404),Exclude,Foreign language,Su2021,"SU Xin, WANG Ziyi, WANG Yupeng, ZHOU Siyuan",2021,Journal,10.11959/j.issn.2096-3750.2021.00205,Maritime monitoring sensor network (offshore and far-sea scenarios with intermittent connectivity and limited connection windows),Artificial Fish Swarm Algorithm with mutation operation (MO-AFSA) featuring dynamic step sizes and binary mutation,Individual artificial fish represent subtask-to-subchannel/node offloading decision vectors for oceanic user equipment (OUEs),"Computation task partial offloading, transmit power allocation, and subchannel assignment",Employs maritime node connection probability functions for node/base station selection and enforces connection time window constraints (tau); reverts tasks to local execution if transmission cannot complete within the available contact duration,"Reduces network latency by nearly 19% compared to traditional schemes, achieves faster convergence (optimal within 23 iterations), and effectively bounds transmission delay under constrained connection windows",Evaluated primarily via numerical simulations without physical maritime field experiments; far-sea model assumes single-hop multi-user offloading rather than complex multi-ship cooperative relaying,"Error: ('Connection aborted.', RemoteDisconnected('Remote end closed connection without response'))"
2Vol103No21.pdf,ENHANCED DISTRIBUTED ADAPTIVE OPPORTUNISTIC ROUTING IN MANETS USING KRILL HERD OPTIMIZATION (EDAOR-KHO) ,Include,,Balamurugan2025,"P. Balamurugan, Dr. S. Dhanalakshmi",2025,Journal,Not specified,Mobile Ad-Hoc Networks (MANETs),Krill Herd Optimization (KHO) integrated into Distributed Adaptive Opportunistic Routing (EDAOR-KHO) using a multi-objective fitness function,"Distributed mobile nodes acting as both hosts and routers, executing local fitness evaluations and timer calculations independently without centralized control",Opportunistic multi-hop routing and dynamic forwarder candidate selection/prioritization,"Opportunistic broadcast allowing multiple overhearing candidate nodes to compete via fitness-based timers, dynamically selecting alternate available forwarders if paths fail","Simulated in NS-3 across 5-, 10-, and 15-node topologies; achieved 95.2% average PDR, 71.3 ms average end-to-end delay, 0.38 routing overhead, 12.93 J average energy consumption, 2347.7 s network lifetime, and 32.63 dB average PSNR, outperforming EXOR, d-AdaptOR, EDAOR-AFS, EDAOR-FF, and EDAOR-GWO","Evaluated only on very small network topologies (5 to 15 nodes) in a restricted area (200x300 ft), tested only in simulation without real physical hardware deployment, and lacks security and mobility prediction mechanisms",No DOI provided
978-3-031-64850-2_46.pdf,An Adaptive on Demand Modified Ant Colony Optimization Routing for VANETs,Include,,Kumari2024,"J. Jesy Janet Kumari, S. Thangam, A. Saleem Raja",2024,Conference Proceedings,https://doi.org/10.1007/978-3-031-64850-2_46,Vehicular Ad Hoc Networks (VANETs),Modified Ant Colony Optimization (MACO),Vehicular edge nodes acting as decentralized agents utilizing pheromone deposition and evaporation models,Adaptive routing and shortest path selection,Dynamically discovers alternative routes and adjusts communication pathways based on anticipated movement and periodic location updates to mitigate frequent topology changes and sporadic disconnections,"MACO achieved a Throughput of 820 kbps (vs. 250.13 kbps for AODV, 202.04 kbps for DSDV, 664.48 kbps for DSR), a Packet Delivery Ratio of 99.59% (vs. 98.34%, 97.33%, 95.39%), and an End-to-End Delay of 110.10 s (vs. 264.47 s, 243.39 s, 133.43 s).","The pseudocode and mathematical details of the modified ACO modifications are described at a very high/abstract level, and simulation units show discrepancies (e.g., simulation duration reported as 499.00ms while end-to-end delay is in hundreds of seconds).","[1]J. J. J. Kumari, S. Thangam, and A. S. Raja, âAn Adaptive on Demand Modified Ant Colony Optimization Routing for VANETs,â Intelligent Systems Design and Applications, pp. 480â492, 2024, doi: 10.1007/978-3-031-64850-2_46."
ACLSGO_Ant_Colony_Link_State_aware_Geographic_Opportunistic_routing_protocol_for_VANET.pdf,ACLSGO: Ant Colony Link State aware Geographic Opportunistic routing protocol for VANET,Include,,Belamri2021,"Fatima Belamri, Samra Boulfekhar, Djamil Aissani",2021,Conference Proceedings,10.1109/CSCI54926.2021.00272,Vehicular Ad Hoc Network (VANET),Ant Colony Optimization (ACO) combined with path robustness and link state estimation,Distributed lightweight control packets (Forward Ants and Backward Ants) updating routing and pheromone tables across vehicular edge nodes,Opportunistic routing (Candidate Node Set selection and forwarder node prioritization),"Incorporates a link breaking probability, computes path robustness based on relative velocity/distance, and utilizes opportunistic multi-candidate forwarding with fallback timer mechanisms for lower-priority candidates","Achieves an average Packet Delivery Ratio of ~93%, reduces End-to-End Delay, and increases network throughput up to 1.91 Mbps compared to LSGO",Link breaking probability must be empirically determined by simulation rather than computed analytically; relies on accurate on-board GPS information for all vehicles; tested only in a 1000m x 1000m simulated environment,"[1]F. Belamri, S. Boulfekhar, and P. D. Aissani, âACLSGO: Ant Colony Link State aware Geographic Opportunistic routing protocol for VANET,â 2021 International Conference on Computational Science and Computational Intelligence (CSCI), pp. 1348â1354, Dec. 2021, doi: 10.1109/csci54926.2021.00272."
An_Efficient_Routing_Scheme_for_Intrabody_Nanonetworks_Using_Artificial_Bee_Colony_Algorithm.pdf,An Efficient Routing Scheme for Intrabody Nanonetworks Using Artificial Bee Colony Algorithm,Include,,Fahim2020,"Hamza Fahim, Shumaila Javaid, Wei Li, Ismail Ben Mabrouk, Muath Al Hasan, Muhammad Babar Rasheed",2020,Journal,10.1109/ACCESS.2020.2997635,Intrabody Nanonetwork (IBNN) / THz-band electromagnetic communication inside human bloodstream/artery,"Artificial Bee Colony (ABC) algorithm with a multi-objective fitness function incorporating residual energy, link cost (distance and THz channel capacity), and last interaction interval","Centralized execution at resource-rich stationary Nano Routers (NRs) to optimize selection of lightweight, highly resource-constrained mobile Nano Biosensors (NBSs)",Routing and sensor node selection for opportunistic data collection and query-response data transmission,Store-carry-and-forward mechanism using Exponential Weighted Moving Average (EWMA) where mobile nanonodes buffer/aggregate readings until a physical layer interaction hit (direct contact) occurs with a Nano Router,"Evaluated network residual energy, number of alive NBSs, end-to-end delay, transmission delay, and packet delivery ratio. Improved network lifetime by 60%-70%, alive NBS count by 60%-75%, and achieved >90% packet delivery ratio with 25% lower delay compared to baseline flooding",Relies on centralized control at Nano Routers which assumes periodic feedback messaging; evaluated solely via ns-3 Nano-SIM simulation with a simplified 1D/arterial mobility model without in-vivo biological validation,"[1]H. Fahim, S. Javaid, W. Li, I. B. Mabrouk, M. A. Hasan, and M. B. B. Rasheed, âAn Efficient Routing Scheme for Intrabody Nanonetworks Using Artificial Bee Colony Algorithm,â IEEE Access, vol. 8, pp. 98946â98957, 2020, doi: 10.1109/access.2020.2997635."
Art.-10-Issue-3-2023.pdf,A Novel Trusted Intelligent Computing-aware Routing Service Offloading Method Based on MOPSO for Internet of Vehicles,Include,,Li2023,"Huiyong LI, Furong WANG",2023,Journal,10.24846/v32i3y202310,Computing-aware Internet of Vehicles (IoV) / Mobile Edge Computing (MEC) with device-edge-cloud collaboration,Multi-Objective Particle Swarm Optimization (MOPSO),A swarm of 300 particles running on a routing controller to optimize task assignments based on personal and global best positions,Computing-aware routing and service offloading / distributed task scheduling,"Incorporates a dynamic trustworthiness model (Tr) accounting for transmission distance, radius, and path loss, setting Tr=0 when disconnected to penalize intermittent links during path and resource selection","Evaluated scheduling length (19.1s for MOPSO vs 29.22s for RSA and 17.85s for GSA), total computing cost (2855.22), energy consumption (1975.25), stability (0.844), and success rate (0.928), achieving superior result trustworthiness and communication efficiency compared to baseline heuristics",Evaluated using a static numerical scenario with a small workload (9 subtasks) rather than large-scale dynamic traffic simulation traces or real-world vehicle testbeds,"[1]H. LI and F. WANG, âA Novel Trusted Intelligent Computing-aware Routing Service Offloading Method Based on MOPSO for Internet of Vehicles,â Studies in Informatics and Control, vol. 32, no. 3, pp. 109â118, Sep. 2023, doi: 10.24846/v32i3y202310."
Azzoug2021_Chapter_HybridSwarm-BasedGeographicVDT.pdf,Hybrid Swarm-Based Geographic VDTN Routing,Include,,Azzoug2021,"Youcef Azzoug, Abdelmadjid Boukra, Vasco N. G. J. Soares",2021,Book Chapter,10.1007/978-3-030-76493-7_14,Vehicular Delay Tolerant Network (VDTN),Firefly Algorithm (FA) combined with Reliable Estimated Time of Delivery (RETD) metric,"Distributed vehicular edge nodes acting autonomously as firefly agents using local encounter history, buffer metrics, and GPS data",Store-Carry-and-Forward (SCF) next-hop relay selection and adaptive bundle forwarding/replication,Store-Carry-and-Forward (SCF) buffering where nodes hold bundles until encountering candidate vehicles with higher attractiveness or better RETD scores,"Simulated in ONE simulator (Helsinki downtown). HSGVDR achieved higher delivery probability and lower delivery latency compared to ER, SnW, PRoPHET, and GeoSpray in sparse networks, while maintaining low overhead and controlled bundle copies.",Shows slight performance degradation and delivery delay inconsistency at higher vehicular densities due to buffer contention; relies on accurate GPS path estimations in later forwarding stages.,"[1]Y. Azzoug, A. Boukra, and V. N. G. J. Soares, âHybrid Swarm-Based Geographic VDTN Routing,â Intelligent Technologies for Internet of Vehicles, pp. 427â457, 2021, doi: 10.1007/978-3-030-76493-7_14."
A_Bee_Colony-Based_Algorithm_for_Task_Offloading_in_Vehicular_Edge_Computing.pdf,A Bee Colony-Based Algorithm for Task Offloading in Vehicular Edge Computing,Include,,deSouza2023,"Alisson Barbosa de Souza, Paulo Antonio Leal Rego, Vinay Chamola, Tiago Carneiro, Paulo Henrique Gonçalves Rocha, José Neuman de Souza",2023,Journal,10.1109/JSYST.2023.3237363,"Vehicular Edge Computing (VEC) with intermittent connectivity, utilizing heterogeneous V2V (WAVE / IEEE 802.11p) and V2I (5G mmWave) communications across highway and urban settings.","Artificial Bee Colony (ABC) metaheuristic customized as BTV (Bee colony-based Task offloading in Vehicular edge computing), featuring employed, onlooker, and scout bee search phases with constraint feasibility checks.","Lightweight decision-making executed locally on the client vehicle, discovering and coordinating candidate vehicular edge nodes and base-station-coupled edge servers via context beacons.","Task offloading and scheduling (assigning independent workload tasks across local CPU, neighboring vehicle servers, and fixed 5G edge servers).",Incorporates predicted link lifetime constraints into feasibility checks; implements a timeout-based failure recovery mechanism where the client monitors beacon messages and executes local backups of tasks if connectivity is lost.,Achieved up to 74.4% reduction in average application execution time compared to local execution (and outperformed baselines in 97.2% of test cases) while maintaining 0.0% offloading failures and zero energy constraint violations.,Assumes independent/asynchronous tasks without inter-task precedence or DAG dependencies; decision execution takes up to 100 ms which may become overhead for ultra-strict sub-millisecond control loops; requires the client vehicle to support simultaneous dual wireless interfaces (WAVE and 5G).,"[1]A. B. de Souza, P. A. L. Rego, V. Chamola, T. Carneiro, P. H. G. Rocha, and J. N. de Souza, âA Bee Colony-Based Algorithm for Task Offloading in Vehicular Edge Computing,â IEEE Systems Journal, vol. 17, no. 3, pp. 4165â4176, Sep. 2023, doi: 10.1109/jsyst.2023.3237363."
A_Novel_Mobility-Aware_Offloading_Management_Scheme_in_Sustainable_Multi-Access_Edge_Computing.pdf,A Novel Mobility-Aware Offloading Management Scheme in Sustainable Multi-Access Edge Computing,Include,,Guan2022,"Shichao Guan, Azzedine Boukerche",2022,Journal,10.1109/TSUSC.2021.3065310,Multi-access Edge Computing (MEC) with mobile User Equipment (UEs) subject to intermittent cloudlet connectivity,"Particle Swarm Optimization (PSO) formulated with a 3D position space (cloudlet resource ID, task type, priority class) and penalty-based fitness function",Centralized execution at the regional Cloudlet decision engine for scheduling offloading requests from covered UEs,"Task offloading scheduling, priority assignment, and computing resource allocation within an M/G/1 queue alongside inter-cloudlet migration",Predicts UE contact duration using the SMOOTH mobility model to truncate effective task deadlines; tasks that cannot finish before contact loss are either dropped/executed locally on the UE or migrated to neighbor cloudlets/remote Cloud,"Evaluated execution time, UE energy consumption (processing, transmission, idle), fitness value, and task drop/denial-of-service ratio. PSO-based model outperformed Min-Min, Min-Max, and Deadline-greedy in efficiency and reduced task drop rate up to 92.07% vs. priority-based and 66.7% vs. distance-based schemes.",Assumes Poisson task arrivals and exponential service times which may not capture bursty realistic workloads; relies on synthetic SMOOTH mobility models rather than real trace variations.,"[1]S. Guan and A. Boukerche, âA Novel Mobility-Aware Offloading Management Scheme in Sustainable Multi-Access Edge Computing,â IEEE Transactions on Sustainable Computing, vol. 7, no. 1, pp. 1â13, Jan. 2022, doi: 10.1109/tsusc.2021.3065310."
A_Probabilistic_VDTN_Routing_S.pdf,A Probabilistic VDTN Routing Scheme Based on Hybrid Swarm-Based Approach,Include,,Azzoug2020,"Youcef Azzoug, Abdelmadjid Boukra, Vasco N. G. J. Soares",2020,Journal,10.3390/fi12110192,Vehicular Delay-Tolerant Networks (VDTNs) / sparse urban vehicular edge,Hybrid Firefly Algorithm (FA) and Glowworm Swarm Optimization (GSO) with a 5-parameter fitness evaluation and METD-based geographic fallback,Distributed edge nodes (individual vehicles operating locally as firefly/glowworm agents evaluating 1-hop opportunistic neighbors),Opportunistic routing and next Store-Carry-and-Forward (SCF) relay vehicle selection,Store-Carry-and-Forward (SCF) mechanism where bundles remain in local vehicle buffers until an opportunistic contact with a higher fitness score or meeting METD recovery criteria is encountered,"Evaluated using the ONE simulator (Helsinki city scenario) against PRoPHET and GeoSpray. Achieved reduced average delivery delay (approx. 1300 s vs 1400 s for GeoSpray and 1900 s for PRoPHET), high delivery probability (~95%), significantly reduced bundle flooding and overhead ratio, zero dropped bundle copies, and lower average hop count",Tested only in simulation with a relatively small network size (50 vehicles); relies on fixed equal weights for the fitness function parameters; assumes GPS/ETA availability for the recovery mechanism,"[1]Y. Azzoug, A. Boukra, and V. N. G. J. Soares, âA Probabilistic VDTN Routing Scheme Based on Hybrid Swarm-Based Approach,â Future Internet, vol. 12, no. 11, p. 192, Nov. 2020, doi: 10.3390/fi12110192."
A_Region_Division-Based_Adaptive_Task_Offloading_in_Collaborative_LEO_Heterogeneous_Constellation.pdf,A Region Division-Based Adaptive Task Offloading in Collaborative LEO Heterogeneous Constellation,Include,,Zhao2025,"Liang Zhao, Minglin Zeng, Ammar Hawbani, Yunhe Sun, Lexi Xu, Zhi Liu, Xiaoming Zhou",2025,Journal,10.1109/JIOT.2025.3559984,Collaborative Low Earth Orbit (LEO) heterogeneous satellite constellation (Satellite Edge Computing),Particle Swarm Optimization Genetic (PSOG) combining standard PSO with Genetic Algorithm crossover and mutation operations,Distributed/collaborative LEO satellite edge nodes and ground mobile devices with heterogeneous computing and communication capacities,"Three-stage task offloading, collaborative task scheduling across LEO satellites, dynamic resource allocation, and intersatellite link routing",Employs user trajectory prediction (ILSTM) and adaptive offloading region partitioning (ADOR) to manage mobility and dynamic satellite coverage windows across discrete time slots,"Evaluated algorithm convergence, task fitness, offloading delay, and intersatellite transmission delay across 150 satellites. PSOG converged within 55 iterations, outperforming GA, GADE, MADRL, and APSO in fitness stability and transmission delay.",Does not address data security and user privacy during offloading; relies on simplified thermal and battery dynamic approximations.,"[1]L. Zhao et al., âA Region Division-Based Adaptive Task Offloading in Collaborative LEO Heterogeneous Constellation,â IEEE Internet of Things Journal, vol. 12, no. 14, pp. 26523â26537, Jul. 2025, doi: 10.1109/jiot.2025.3559984."
Bi-Objective_Ant_Colony_Optimization_for_Trajectory_Planning_and_Task_Offloading_in_UAV-Assisted_MEC_Systems.pdf,Bi-Objective Ant Colony Optimization for Trajectory Planning and Task Offloading in UAV-Assisted MEC Systems,Include,,Wang2024,"Yiqian Wang, Jie Zhu, Haiping Huang, Fu Xiao",2024,Journal,10.1109/TMC.2024.3408603,UAV-assisted mobile edge computing (MEC) network with intermittently visited ground smart devices and base stations for battery swapping,"Bi-criterion Ant Colony Optimization (bi-ACO) incorporating multiple heterogeneous colonies, Feasible Solution Generation Method (FSGM), Solution Division Method (SDM), and Pheromone Update Method (PUM)","Centralized execution on an edge server that computes schedules and trajectories, then dispatches them to UAV agents via remote control","Joint multi-UAV trajectory planning and multi-stage task offloading scheduling (data upload, computation, result return, and battery swap scheduling)","Employs an asynchronous store-carry-compute-and-forward model where UAVs visit ground devices to fetch data, process while flying/hovering, and revisit to return results within deadlines","Evaluated using Average Quality (AQ=0.189), Maximum Spread (MS=0.940), Average Distance (Davg=0.040), and Maximum Distance (Dmax=0.172), significantly outperforming NSGA-II, SA, VND, GLS, and ACO-DSP in Pareto efficiency and robustness","Centralized pre-scheduling assumes static global knowledge, constant UAV speed, does not model wireless channel fading, and omits energy consumption from computation and data transmission","[1]Y. Wang, J. Zhu, H. Huang, and F. Xiao, âBi-Objective Ant Colony Optimization for Trajectory Planning and Task Offloading in UAV-Assisted MEC Systems,â IEEE Transactions on Mobile Computing, vol. 23, no. 12, pp. 12360â12377, Dec. 2024, doi: 10.1109/tmc.2024.3408603."
Bio-inspired_wireless_sensor_networks_-_a_protocol.pdf,Bio-inspired wireless sensor networks - a protocol for an enhanced hybrid energy optimization routing,Exclude,Assumes continuous end-to-end multi-hop connectivity in a standard mobile WSN simulation without delay-tolerant or store-carry-forward mechanisms (intermittent connectivity is only mentioned superficially in the introduction).,Joshi2024,"Rati D. Joshi, Sameena Banu",2024,Journal,10.11591/ijeecs.v35.i3.pp1808-1816,Mobile Wireless Sensor Networks (WSNs),Hybrid Particle Swarm Optimization and Pigeon-Inspired Optimization (HPSOPIO),Lightweight sensor nodes and selected cluster heads operating collaboratively within clusters,Cluster head selection and multi-hop routing,Not specified (relies on traditional instantaneous multi-hop packet forwarding; link failures lead to increased latency and packet drops without store-carry-forward mechanisms),"HPSOPIO outperformed ACO and AODV across end-to-end delay (11.56 s at 200 nodes), packet delivery ratio (up to 95.65%), energy consumption (26.36 J), network lifetime (9654.63 s), and throughput (42965.8 bps).",Tested only via NS-2.34 simulation without real-world validation; superficial algorithm mathematical formulation; lacks concrete mechanisms for handling disconnections and network partitioning in delay-tolerant scenarios.,"[1]R. D. Joshi and S. Banu, âBio-inspired wireless sensor networks - a protocol for an enhanced hybrid energy optimization routing,â Indonesian Journal of Electrical Engineering and Computer Science, vol. 35, no. 3, p. 1808, Sep. 2024, doi: 10.11591/ijeecs.v35.i3.pp1808-1816."
Correlated_Dropout-Aware_Client_Selection_Framework_for_Efficient_Decentralized_Federated_Learning_Systems.pdf,Correlated Dropout-Aware Client Selection Framework for Efficient Decentralized Federated Learning Systems,Include,,Yan2025,"Wenhao Yan, Qi Li, Tad Gonsalves",2025,Conference Proceedings,10.1109/CBDCom68404.2025.00023,Decentralized Federated Learning (DFL) across mobile edge and IoT clients with correlated intermittent dropouts and dynamic availability,"Correlation-Aware Ant Colony System (CA-ACS), extending Ant Colony Optimization with correlation-based pheromone initialization and correlation-aware transition probabilities",Decentralized participating edge/IoT client devices executing gradient updates and communication routing,"Communication routing and client sequence optimization (formulated as a Correlated Probabilistic Traveling Salesman Problem, CPTSP)",Stochastic two-stage routing combined with D-Vine copula modeling and Kalman filter-inspired autoregressive updates that skip offline nodes and route directly to the next available client,"Expected communication cost, actual communication cost (via 1000 Monte Carlo simulations), and routing optimality gap; achieved 8-28% reduction in communication costs compared to baselines",Assumes stationary correlation structures within adaptation windows and primarily focuses on geographical/temporal correlations without accounting for data heterogeneity correlations,"[1]W. Yan, Q. Li, and T. Gonsalves, âCorrelated Dropout-Aware Client Selection Framework for Efficient Decentralized Federated Learning Systems,â 2025 IEEE Conference on Cloud and Big Data Computing (CBDCom), pp. 112â119, Oct. 2025, doi: 10.1109/cbdcom68404.2025.00023."
Developing_Delay_Tolerant_Network_Protocols_using_Bio-Inspired_Optimization_Algorithms.pdf,Developing Delay Tolerant Network Protocols using Bio-Inspired Optimization Algorithms,Include,,Hameed2025,"Ammar Hameed, Yedida Prasanna, Sanjay Yadav, Khusainov Ilyos Jamolidding ugli, Kapesh Subhash Raghatate, Bakhtiyarov Sirojbek",2025,Conference Proceedings,10.1109/ICNSoC66817.2025.00022,"Delay Tolerant Networks (DTNs) / Collaborative Delay Tolerant Networks (CDNs) under intermittent connectivity, simulated via ONE simulator using Random Waypoint, Manhattan Grid, and CRAWDAD mobility traces.","Particle Swarm Optimization (PSO) and Ant Colony Optimization (ACO), evaluated alongside Genetic Algorithms (GA).",Lightweight mobile and stationary edge/DTN nodes making distributed opportunistic routing and forwarding decisions.,"Routing optimization, opportunistic message forwarding path selection, and resource distribution.",Employs store-and-forward buffering mechanisms and opportunistic encounter-based forwarding until destination or viable relay contact is established.,"GA, ACO, and PSO outperformed Epidemic, Spray and Wait, and PRoPHET routing: GA achieved 96.4% PDR, 152.7 kbps throughput, 3.2 s delay, and 29.6 mJ energy consumption; ACO achieved 94.1% PDR, 148.3 kbps throughput, 3.3 s delay, and 30.4 mJ energy; PSO achieved 93.2% PDR, 145.6 kbps throughput, 3.5 s delay, and 32.1 mJ energy.","High computational complexity of iterative bio-inspired metaheuristics for resource-constrained edge nodes, scalability challenges in large node populations, and reliance on mobility prediction accuracy.","[1]A. Hameed, Y. Prasanna, S. Yadav, K. I. Jamolidding Ugli, K. S. Raghatate, and B. S. Lecturer, âDeveloping Delay Tolerant Network Protocols using Bio-Inspired Optimization Algorithms,â 2025 Second International Conference on Networks and Soft Computing (ICNSoC), pp. 48â52, Jun. 2025, doi: 10.1109/icnsoc66817.2025.00022."
EBSCO-FullText-09_10_2026 (1).pdf,An On-Orbit Task-Offloading Strategy Based on Satellite Edge Computing,Include,,Hu2023,"Yifei Hu, Wenbin Gong",2023,Journal,10.3390/s23094271,Dynamic Low-Earth Orbit (LEO) satellite edge computing network modeled using Satellite Time-Expanded Graphs (SatTEG),"Hybrid Genetic Binary Particle Swarm Optimization (GABPSO), integrating GA crossover and mutation operators into BPSO",Executing edge satellite server (source node) performing centralized metaheuristic scheduling across available orbital nodes,Dependent DAG subtask offloading and scheduling onto collaborative satellite edge nodes while avoiding high-load satellites,Periodic dynamic network topology is discretized into constant time-slot graphs (SatTEG); subtasks undergo inter-slot waiting delays until viable multi-hop ISL paths are available,"Evaluated weighted system cost (delay and energy consumption), convergence speed, and ANOVA significance; GABPSO achieved lower weighted cost and avoided local optima compared to standard BPSO, MPSO, and GA across varying high-load satellite ratios (10%-70%) and ISL bandwidths",Only addresses static single-user single-service task requests; high-dimensional decision matrix consumes significant storage space; dynamic continuous task arrival is not supported,"[1]Y. Hu and W. Gong, âAn On-Orbit Task-Offloading Strategy Based on Satellite Edge Computing,â Sensors, vol. 23, no. 9, p. 4271, Apr. 2023, doi: 10.3390/s23094271."
EBSCO-FullText-09_10_2026.pdf,Improved geographic opportunistic routing protocol for void hole elimination in underwater IoTs: Parameter tuning by TSA optimization,Include,,Simon2024,"Judy Simon, Nellore Kapileswar, Polasi Phani Kumar, Mathiyalakendran Aarthi Elaveini",2024,Journal,10.1002/dac.5659,UWSN / IoUT (Internet of Underwater Things),Tunicate Swarm Algorithm (TSA) simulating jet propulsion and swarm behaviors for parameter tuning,Tunicate swarm agents optimizing objective functions for energy minimization and packet delivery ratio maximization in underwater IoT nodes,Geographic opportunistic routing parameter tuning and void hole elimination,Employs geographic opportunistic routing with backup fixed/stationary nodes and topology adjustment to eliminate void holes and bypass communication voids/link failures,"Outperformed benchmark routing protocols (WDFAD-DBR, GEDAR, NADEEM) by 80-81% in PDR, reduced energy consumption and E2E delay, and reduced void hole occurrence by around 30%","Assumes static sensor nodes without considering realistic underwater acoustic drift/current dynamics during operation, and relies on MATLAB-based centralized simulation","[1]J. Simon, N. Kapileswar, P. Phani Kumar, and M. Aarthi Elaveini, âImproved geographic opportunistic routing protocol for void hole elimination in underwater IoTs: Parameter tuning by TSA optimization,â International Journal of Communication Systems, vol. 37, no. 3, Nov. 2023, doi: 10.1002/dac.5659."
Edge_Computing_Resource_Allocation_for_UAV_Swarm_via_Improved_Grey_Wolf_Optimization.pdf,Edge Computing Resource Allocation for UAV Swarm via Improved Grey Wolf Optimization,Exclude,Assumes continuous Line-of-Sight (LoS) connectivity among UAVs and does not model or address intermittent disconnections or delay-tolerant networking.,Ying2025,"Xincheng Ying, Yuheng Wen, Weizhe Ren, Qilong Huang",2025,Conference Proceedings,10.1109/RAIIC65850.2025.11170180,Post-disaster UAV-assisted edge computing network,"Improved Grey Wolf Optimizer (GWO) incorporating logistic chaotic initialization, adaptive perturbation, dimensional pruning based on prior knowledge, and local refinement",Centralized/global metaheuristic optimization over candidate resource allocation vectors across UAVs,"Joint task offloading ratio, transmission power, and bandwidth allocation",Not specified (assumes continuous Line-of-Sight wireless links between hovering UAV nodes),"System penalty function (weighted latency and energy consumption); improved GWO achieved faster convergence and lower penalty compared to standard GWO, GA, and PSO across four test scenarios.",UAVs are assumed to hover at fixed positions with stable LoS communication links without link disruption or dynamic mobility modeling.,"[1]X. Ying, Y. Wen, W. Ren, and Q. Huang, âEdge Computing Resource Allocation for UAV Swarm via Improved Grey Wolf Optimization,â 2025 4th International Conference on Robotics, Artificial Intelligence and Intelligent Control (RAIIC), pp. 267â270, Jul. 2025, doi: 10.1109/raiic65850.2025.11170180."
Energy_and_Makespan_Bi-Objective_Optimization_for_UAV-Assisted_MEC_Task_Offloading.pdf,Energy and Makespan Bi-Objective Optimization for UAV-Assisted MEC Task Offloading,Exclude,"Assumes continuous connectivity (standard instantaneous wireless offloading links per time slot with an always-available ground base station and hovering UAVs, lacking store-carry-forward or delay-tolerant network mechanisms).",Zhao2025,"Hui Zhao, Xiaoqin Lu, Jinzhe Li, Jing Wang, Quan Wang",2025,Journal,10.1109/JIOT.2025.3602963,UAV-assisted mobile-edge computing (MEC) with ground base station,HWPSO-SA (Hybrid Weight Particle Swarm Optimization combined with Simulated Annealing),Centralized optimization of UAV positions and terminal task offloading decisions across discrete time slots,Task offloading decision and UAV trajectory planning/positioning,Not specified (tasks are offloaded within direct communication coverage of UAVs or the central ground base station in each time slot),"Minimizes makespan (task completion time) and total system energy consumption; achieves faster convergence and up to 53.99% energy reduction compared to baseline algorithms (NSGA-II, ACO, VGWO, PDPSO).","Assumes line-of-sight and Rayleigh fading links within fixed discrete time slots without modeling intermittent link failures, packet loss, or store-carry-forward DTN routing.","[1]H. Zhao, X. Lu, J. Li, J. Wang, and Q. Wang, âEnergy and Makespan Bi-Objective Optimization for UAV-Assisted MEC Task Offloading,â IEEE Internet of Things Journal, vol. 12, no. 22, pp. 47745â47759, Nov. 2025, doi: 10.1109/jiot.2025.3602963."
Evolutionary PSO-based emergency monitoring geospatial edge service chain in the emergency communication network.pdf,Evolutionary PSO-based emergency monitoring geospatial edge service chain in the emergency communication network,Exclude,"Assumes continuous connectivity within an emergency local network and does not address intermittent, delay-tolerant, or opportunistic networking mechanisms.",He2023,"Sheng He, Xicheng Tan, Yanfei Zhong, Meng Huang, Zhiyuan Mei, You Wan, Huaming Wang",2023,Journal,10.1080/17538947.2023.2239765,Emergency communication network / edge computing LAN,"Evolutionary Particle Swarm Optimization (EPSO) with hybridization, mutation, and evolutionary inversion operators",Not specified,Geospatial edge service chain composition / service placement,Not specified,Reduced average running time by over 50% compared to random and static QoS compositions while achieving 100% success rate and faster convergence (51 iterations).,"Assumes stable server connectivity with continuously running web servers; does not model node disconnectivity, mobility disruptions, or dynamic link failures.","[1]S. He et al., âEvolutionary PSO-based emergency monitoring geospatial edge service chain in the emergency communication network,â International Journal of Digital Earth, vol. 16, no. 1, pp. 2797â2817, Jul. 2023, doi: 10.1080/17538947.2023.2239765."
Finite_State_Machines-Based_Path-Following_Collaborative_Computing_Strategy_for_Emergency_UAV_Swarms.pdf,Finite State Machines-Based Path-Following Collaborative Computing Strategy for Emergency UAV Swarms,Include,,Hu2024,"Jialin Hu, Zhiyuan Ren, Wenchi Cheng",2024,Conference Proceedings,10.1109/ICC51166.2024.10622739,Emergency UAV Networks (EUN) with dynamic periodic circular flight trajectories,Constraint Selection Adaptive Binary Particle Swarm Optimization (CSABPSO),Centralized master node (a top-layer central UAV) controlling task scheduling across heterogeneous cooperative UAV edge nodes,Collaborative computation offloading and DAG sub-task scheduling over a space-time graph,Employs an Extended Finite State Machine Space-Time Graph (EFSMSG) that models intermittent contact and provides a cross-time slot caching mechanism when links are interrupted,"Total task processing latency; FPC reduces latency by 71.63% vs cloud computing and 60.00% vs local computing at 5Mb task size; CSABPSO outperforms WRR, Greedy-LB, and Pick-KX by 26.32% to 41.57%",Relies on fully known and deterministic periodic UAV trajectories; assumes ideal physical-layer Doppler synchronization and centralized control by the center UAV,"[1]J. Hu, Z. Ren, and W. Cheng, âFinite State Machines-Based Path-Following Collaborative Computing Strategy for Emergency UAV Swarms,â ICC 2024 - IEEE International Conference on Communications, pp. 2598â2603, Jun. 2024, doi: 10.1109/icc51166.2024.10622739."
frcmn-6-1691346.pdf,Adaptive ant colony methods for UAV LEO coordination in non terrestrial IoT,Include,,Mohapatra2025,Hitesh Mohapatra,2025,Journal,10.3389/frcmn.2025.1691346,Heterogeneous Non-Terrestrial Network-Internet of Things (NTN-IoT) combining UAV swarms and LEO satellite constellations with intermittent contact windows.,"Adaptive Ant Colony Optimization (AdCO) incorporating event-triggered pheromone resets, adaptive heuristic transition rules, and CVaR-based robust cost shaping.","UAV swarm edge nodes performing local task sequencing and offloading, coordinated in a bi-level multi-timescale hierarchy with LEO satellites.",Joint spatiotemporal UAV edge task allocation/sequencing and fractional LEO satellite relay scheduling/routing.,"Employs orbit visibility forecasting (SGP4 propagation), fractional data relaying across multiple dynamic satellite passes, drift-induced event-triggered pheromone resets upon link losses, and CVaR risk-sensitive penalties for tail outages.","Reduced median end-to-end latency by 10-35% and 95th-percentile tail latency by 25-40%; improved deadline-feasible rate by 5-18 percentage points; achieved 6-18% lower energy per delivered bit; reduced worst-decile failure probability by ~40% compared to Greedy Proximity-Deadline, Static Heuristic ACO, and Link-Quality-Only baselines.",Evaluated purely in Python discrete-event simulation rather than physical testbeds; exhibits sensitivity to heuristic hyper-parameters; relies heavily on accurate satellite pass and rate predictions.,"[1]H. Mohapatra, âAdaptive ant colony methods for UAV LEO coordination in non terrestrial IoT,â Frontiers in Communications and Networks, vol. 6, Oct. 2025, doi: 10.3389/frcmn.2025.1691346."
Grey-Wolf_Optimization-based_Efficient_Data_Dissemination_for_UAVs_in_Critical_Scenarios.pdf,Grey-Wolf Optimization-based Efficient Data Dissemination for UAVs in Critical Scenarios,Exclude,"Assumes continuous 5G connectivity and instantaneous SINR-based transmission without modeling intermittent connectivity, disconnections, or delay-tolerant store-carry-forward mechanisms.",Patel2023,"Aditya Patel, Nilesh Kumar Jadav, Rajesh Gupta, Sudeep Tanwar, Jitendra Bhatia",2023,Conference Proceedings,10.1109/GCAT59970.2023.10353536,UAV network (FANET) with 5G connectivity,Grey Wolf Optimization (GWO),UAV nodes acting as search agents (wolves) optimizing coordinates to act as the primary relay to a Base Station,Relay node selection and spatial positioning optimization for data dissemination,Not specified (assumes connected 5G links; nodes exceeding boundary are simply excluded from the pack),"Convergence rate, SINR fitness function, execution time (~0.3 ms convergence for 10 UAVs), achieving 1.5x faster convergence compared to PSO.",Does not address opportunistic or intermittent DTN communication; assumes a simplistic 2D search space (500x500 m) with constant 5G link availability.,"[1]A. Patel, N. K. Jadav, R. Gupta, S. Tanwar, and J. Bhatia, âGrey-Wolf Optimization-based Efficient Data Dissemination for UAVs in Critical Scenarios,â 2023 4th IEEE Global Conference for Advancement in Technology (GCAT), pp. 1â6, Oct. 2023, doi: 10.1109/gcat59970.2023.10353536."
HEART_Achieving_Timely_Multi-Model_Training_for_Vehicle-Edge-Cloud-Integrated_Hierarchical_Federated_Learning.pdf,HEART: Achieving Timely Multi-Model Training for Vehicle-Edge-Cloud-Integrated Hierarchical Federated Learning,Include,,Yang2026,"Xiaohong Yang, Minghui Liwang, Xianbin Wang, Zhipeng Cheng, Seyyedali Hosseinalipour, Huaiyu Dai, Zhenzhen Jiao",2026,Journal,10.1109/TCC.2026.3698093,Vehicle-Edge-Cloud Hierarchical Federated Learning (VEC-HFL) / Internet of Vehicles (IoV),Hybrid Particle Swarm Optimization and Genetic Algorithm (PSO-GA) with dynamic linear descent inertia weight and adaptive logarithmic decay mutation,"Optimization particles operating over vehicle-task assignment solutions, executed at edge/cloud coordinators",Multi-model task scheduling (task-to-vehicle assignment and load balancing) and vehicle task execution sequence prioritization,Deadline-based loose synchronous aggregation at edge servers (stragglers/dropouts exceeding maximum waiting threshold Delta_max are disconnected and partial aggregation is executed) combined with asynchronous aggregation at the cloud,"Tested with 4 ML tasks (CIFAR-10, MNIST, Driver Yawning, 20 Newsgroups) and 25 to 135 vehicles. HEART reduced system completion latency to 110.2 s (compared to 154.1-215.8 s for baselines), cut total time overhead by 12.16%-36.8%, and decreased energy consumption by 7.9%-13.62%.",Does not explicitly model V2V or inter-ES cooperative communication; omits downlink broadcast latency; assumes pre-estimated vehicle residence/dwell times.,"[1]X. Yang et al., âHEART: Achieving Timely Multi-Model Training for Vehicle-Edge-Cloud-Integrated Hierarchical Federated Learning,â IEEE Transactions on Cloud Computing, vol. 14, no. 3, pp. 1888â1903, Jul. 2026, doi: 10.1109/tcc.2026.3698093."
IET Intelligent Trans Sys - 2026 - Husnain - A Biologically Inspired Intelligent and Energy Efficient Route Optimization.pdf,A Biologically Inspired Intelligent and Energy Efficient Route Optimization Clustering Algorithm for Internet of Vehicles (IoV),Include,,Husnain2026,"Ghassan Husnain, Wisal Zafar, Abid Iqbal, Abuzar Khan, Ali S. Alzahrani, Mohammed Al-Naeem",2026,Journal,10.1049/itr2.70170,Vehicular Edge / Internet of Vehicles (IoV) across urban grid and highway scenarios with intermittent connectivity and high mobility,"Crayfish Optimization Algorithm (COA) adapted as COANET with explicit operators for foraging, competition, and summer-resort behaviors",Distributed vehicular On-Board Units (OBUs) performing localized one/two-hop clustering and routing decisions with optional offloading to Roadside Units (RSUs) or edge servers,Energy-aware dynamic clustering and multi-metric route optimization,"Proactive alternative route discovery and re-evaluation via the summer-resort mechanism prior to link failures, combined with adaptive switching between global exploration and localized exploitation","Improved Packet Delivery Ratio (PDR) by 15–20% (achieving 48.00% mean across densities), reduced end-to-end latency by ~30% (average 0.236 s), improved energy efficiency by 41.5%, and decreased control overhead by 52.7% relative to WOACNET and HHO baselines",Performance drop observed at mid-density regimes (50 nodes) requiring adaptive threshold tuning; tested purely in simulation without real-world physical deployment; operator-level empirical ablations and malicious-node resilience left as future work,"[1]G. Husnain, W. Zafar, A. Iqbal, A. Khan, A. S. Alzahrani, and M. AlâNaeem, âA Biologically Inspired Intelligent and Energy Efficient Route Optimization Clustering Algorithm for Internet of Vehicles (IoV),â IET Intelligent Transport Systems, vol. 20, no. 1, Jan. 2026, doi: 10.1049/itr2.70170."
IJCNA-2023-O-64.pdf,Efficacy Artificial Bee Colony Optimization-Based Gaussian AOMDV (EABCO-GAOMDV) Routing Protocol for Seamless Traffic Rerouting in Stochastic Vehicular Ad Hoc Network,Include,,Kayalvizhi2023,"M. Kayalvizhi, S. Geetha",2023,Journal,10.22247/ijcna/2023/223694,Stochastic Vehicular Ad Hoc Network (SVANET) / Vehicular Edge,"Efficacy Artificial Bee Colony Optimization (EABCO) integrated with Gaussian Ad Hoc On-Demand Multipath Distance Vector (GAOMDV), featuring search space segmenting, archive maintenance, and multi-colony data synchronization.","Distributed vehicular nodes operating as multi-colony swarm agents (employed, onlooker, and scout bees) sharing route optimization insights across partitioned search subspaces.","Multipath route discovery, candidate evaluation, and dynamic traffic rerouting.","Gaussian distributions model link uncertainty, while multi-colony ABC proactively identifies and selects alternative multipath routes to seamlessly reroute traffic upon route failures.","Simulated in NS-3 (6–60 nodes, urban/highway scenarios). EABCO-GAOMDV achieved an average Packet Delivery Ratio of 79.24% (vs. 36.43% ACO-SH, 41.80% HGFA), Packet Drop Ratio of 20.76%, Throughput of 86.99 Kbps, Delay of 5666.7 ms, lowest energy consumption (30.13), and longest network lifetime (65.98%).",Evaluated exclusively in simulation (NS-3) with synthetic Two-Ray Ground propagation; does not account for real-world obstacle shadowing or testbed hardware validation.,"[1]M. Kayalvizhi and S. Geetha, âEfficacy Artificial Bee Colony Optimization-Based Gaussian AOMDV (EABCO-GAOMDV) Routing Protocol for Seamless Traffic Rerouting in Stochastic Vehicular Ad Hoc Network,â International Journal of Computer Networks and Applications, vol. 10, no. 6, p. 993, Dec. 2023, doi: 10.22247/ijcna/2023/223694."
Improvised_Ant_Colony_Routing_Protocol_via_Q-Learning_for_Underwater_Acoustic_Environment.pdf,Improvised Ant Colony Routing Protocol via Q-Learning for Underwater Acoustic Environment,Include,,Krishnapriya2021,"N. Krishnapriya, N. Kumareshan",2021,Conference Proceedings,10.1109/ICIRCA51532.2021.9544958,Underwater Acoustic Sensor Networks (UASNs),Ant Colony Optimization (ACO) combined with tabular Q-learning (IACRQ) using Forward Ants (FANTs) and Backward Ants (BANTs),Lightweight distributed acoustic sensor nodes maintaining local Q-tables and exchanging ant-based control packets,Multi-hop packet routing and route maintenance,"Incorporates unsuccessful packet transmission probabilities and penalty rewards into the direct Q-value calculation, adjusting next-hop forwarder candidate selection dynamically","Evaluated Packet Delivery Ratio (PDR), average latency, average energy consumption, and network lifetime against QELAR and EEDBR; achieved significantly lower latency, lower energy consumption, and extended network lifetime compared to QELAR while maintaining high PDR",Evaluated only via MATLAB simulation using a simplified random walk mobility pattern without real-world acoustic testbed validation or dynamic ocean current modeling,"[1]N. Krishnapriya and N. Kumareshan, âImprovised Ant Colony Routing Protocol via Q-Learning for Underwater Acoustic Environment,â 2021 Third International Conference on Inventive Research in Computing Applications (ICIRCA), pp. 370â375, Sep. 2021, doi: 10.1109/icirca51532.2021.9544958."
Intelligent_Computation_Offloading_Mechanism_of_UAV_in_Edge_Computing.pdf,Intelligent Computation Offloading Mechanism of UAV in Edge Computing,Exclude,Assumes continuous wireless connectivity to base stations managed by a centralized SDN controller rather than an intermittent or delay-tolerant edge network.,Li2022,"Feixiang Li, Siyuan He, Mingzhe Liu, Ning Li, Chao Fang",2022,Conference Proceedings,10.1109/ICFEICT57213.2022.00086,Multi-UAV cellular edge computing network (MBS and SBS),Discrete Bat Algorithm (BA) with example learning strategy and discretization operator,Centralized Software Defined Network (SDN) controller making offloading decisions for UAV devices,Computation task offloading,Not specified (assumes continuous cellular connectivity),Evaluated average task offloading delay under energy and bandwidth constraints; Bat Algorithm achieved lower delay than Particle Swarm Optimization (PSO) and Genetic Algorithm (GA) across 50 to 100 UAVs.,"Relies on a centralized SDN controller with full global network state, assumes continuous connectivity, and does not model UAV mobility dynamics or network intermittency.","[1]F. Li, S. He, M. Liu, N. Li, and C. Fang, âIntelligent Computation Offloading Mechanism of UAV in Edge Computing,â 2022 2nd International Conference on Frontiers of Electronics, Information and Computation Technologies (ICFEICT), pp. 451â456, Aug. 2022, doi: 10.1109/icfeict57213.2022.00086."
Joint_Relay_Selection_and_Flight_Path_Optimization_for_UAV-Assisted_Vehicular_Delay_Tolerant_Networks.pdf,Joint Relay Selection and Flight Path Optimization for UAV-Assisted Vehicular Delay Tolerant Networks,Include,,He2022,"Yixin He, Huakui Sun, Xiaobo Yang, Dawei Wang, Ruonan Zhang, Qian Xu",2022,Conference Proceedings,10.1109/CCPQT56151.2022.00013,UAV-assisted Vehicular Delay Tolerant Networks (VDTNs),Improved Particle Swarm Optimization (PSO) with an exponential attenuation-based dynamic inertia weight factor,UAV mobile relays and vehicles equipped with GPS and digital maps; swarm particles represent candidate 3D/2D waypoint flight paths,Joint DTN relay selection and UAV flight path planning / routing with obstacle avoidance,Employs a Store-Carry-Forward (SCF) mechanism and encounter probability estimation to handle intermittent connectivity and limit the maximum number of hops and copies within TTL limits,"Evaluated on transmission delay and flight path cost. Proposed strategy achieved a flight path length of 14.36 km (vs. 17.60 km for IGWO, 15.51 km for IGA, 22.11 km for IPSO) and reduced transmission delay to 921.6 s (improvements of 194.4 s over IGWO, 69 s over IGA, and 465 s over IPSO).",Evaluated using fixed UAV altitude (reducing trajectory planning to 2D in simulations); heuristic algorithm lacks mathematical optimality guarantees; assumes known/predictable vehicle mobility via GPS.,"[1]Y. He, H. Sun, X. Yang, D. Wang, R. Zhang, and Q. Xu, âJoint Relay Selection and Flight Path Optimization for UAV-Assisted Vehicular Delay Tolerant Networks,â 2022 International Conference on Computing, Communication, Perception and Quantum Technology (CCPQT), pp. 38â43, Aug. 2022, doi: 10.1109/ccpqt56151.2022.00013."
Nutcracker_Genetic_Algorithm_for_Task_Scheduling_in_UAV_Swarm_MEC_With_Adaptive_Caching.pdf,Nutcracker Genetic Algorithm for Task Scheduling in UAV Swarm MEC With Adaptive Caching,Include,,Ji2026,"Baofeng Ji, Zifan Chen, Ji Zhang, Hao Li, Huitao Fan, Pei Xiao",2026,Journal,10.1109/TAES.2026.3664046,UAV-assisted mobile edge computing (MEC) with dispersed ground sensor devices,"Nutcracker Genetic Algorithm (NGA), combining Nutcracker Optimization Algorithm (NOA) caching/foraging behaviors with Genetic Algorithm (GA) using Tri-Crossover Generate Method (TCGM) and Fit-Directed Mutation Method (FDMM)",Quasi-real-time planning for an autonomous homogeneous fleet of rotary-wing edge computing UAVs dispatched from multiple base stations,"Task scheduling, dynamic fleet sizing, allocation, and flight trajectory planning","Store-carry-and-forward approach where UAVs visit dispersed sensors, buffer collected data into onboard pending queues, execute mobile edge computing, and return feedback during localized contact windows","Reduces task completion time by up to 42.8% versus MGA and 48.8% versus NOA, reduces energy consumption by over 36% compared to NOA/PSO/GWO, while maintaining low runtime (5.63 s) and memory footprint (18.78 KB)",Evaluated primarily in static/quasi-static planning phases with homogeneous UAV capabilities and fixed data collection/response durations,"[1]B. Ji, Z. Chen, J. Zhang, H. Li, H. Fan, and P. Xiao, âNutcracker Genetic Algorithm for Task Scheduling in UAV Swarm MEC With Adaptive Caching,â IEEE Transactions on Aerospace and Electronic Systems, vol. 62, pp. 6419â6434, 2026, doi: 10.1109/taes.2026.3664046."
Robust_Opportunistic_Routing_Solutions_for_under_water_Sensor_Networks.pdf,Robust Opportunistic Routing Solutions for under water Sensor Networks,Include,,Hajare2023,"Manisha Hajare, Vijayalaxmi Biradar, Juberahmad Abdulrashid Shaikh",2023,Conference Proceedings,10.1109/INCET57972.2023.10169982,Underwater Acoustic Sensor Networks (UWSNs),"Advanced Particle Swarm Optimization (APSO) utilizing Energy Consumption Ratio (ECR), Packet Delivery Probability (PDP), and Node Degree Probability (NDP)",Distributed underwater sensor edge nodes performing localized multi-attribute relay selection,Opportunistic routing and next-hop forwarder relay selection,Opportunistic forwarding mechanism where intermediate relay selection is re-initiated if a node's probability score falls below a threshold (0.25) or upon packet non-acknowledgement (noack) timeout,"Evaluated in NS2 Aqua-Sim across small (10-100 nodes) and large (50-500 nodes) scales against DBR and EECOR; demonstrated improved throughput, higher PDR, reduced end-to-end delay, lower energy consumption, and prolonged network lifetime",The APSO formulation reduces locally to an exhaustive greedy fitness evaluation over direct neighbors rather than a full swarm velocity/position update mechanism; single static sink model is used in dynamic 3D underwater mobility,"[1]M. Hajare, V. Biradar, and J. A. Shaikh, âRobust Opportunistic Routing Solutions for under water Sensor Networks,â 2023 4th International Conference for Emerging Technology (INCET), pp. 1â9, May 2023, doi: 10.1109/incet57972.2023.10169982."
s10586-025-05838-4.pdf,A hybrid meta-heuristic algorithm for joint edge caching and task scheduling with mobility awareness,Exclude,Assumes continuous connectivity to the cloud (all mobile devices and edge servers have persistent access to the cloud) in a conventional infrastructure-based MEC network rather than operating in an intermittent/delay-tolerant network.,Shao2025,"Kaili Shao, Bin Lv, Bo Wang, Yaoli Xu",2025,Journal,10.1007/s10586-025-05838-4,"Mobile Edge Computing (MEC) network with mobile devices, connected edge base stations (via X2/Xn interfaces), and an always-accessible remote cloud",Hybrid Particle Swarm Optimization and Genetic Algorithm (PSOIGA) combining PSO with GA crossover and an Improved Mutation Operator (IMO),Centralized execution for swarm optimization across time slots,"Joint task scheduling, offloading, task migration, and edge service caching","Filters out edge nodes from candidate sets if the mobile user is about to leave their coverage, employs proactive task migration across edge nodes, and routes results to returning edge nodes via Dijkstra's shortest path","Achieves a 90% task completion rate (an improvement of 16% to 34% over baseline methods), increases cache hit ratio by 11% to 25%, and reduces server load standard deviation by 21.8% to 47.0%","Assumes continuous cloud connectivity for all devices, relies on predefined user trajectories/travel time estimation, and restricts task migration to single-hop edge connections","[1]K. Shao, B. Lv, B. Wang, and Y. Xu, âA hybrid meta-heuristic algorithm for joint edge caching and task scheduling with mobility awareness,â Cluster Computing, vol. 29, no. 1, Nov. 2025, doi: 10.1007/s10586-025-05838-4."
s10723-025-09797-3.pdf,Secure Computation Offloading Using Enhanced Genetic Algorithm for Ocean IoT,Include,,Du2025,"Ruizhong Du, Jianwei Zhao, Yan Gao",2025,Journal,10.1007/s10723-025-09797-3,"Ocean Internet of Things (OIoT) mobile edge computing network with heterogeneous nodes (sensors, buoys, vessels, coastal base stations)","Enhanced Genetic Algorithm for Secure Computation Offloading (EGA-SCO) with Simulated Binary (SBX) crossover, dynamic mutation, chromosome correction/repair operators, and elitist roulette wheel selection","Hierarchical layered nodes (weak, medium, strong) operating in discrete time slots to execute local processing or offload to intermediate MEC servers","Joint optimization of computation task offloading decisions, transmission power, local/encryption CPU frequencies, and encryption block length","Incorporates a connection state indicator function where lost/unavailable links yield zero transmission rate, storing un-offloaded workload in local FIFO queues across discrete time frames","Demonstrated up to 47.60% improvement in secure capacity during local computation and up to 16.54% increase in offloading security over benchmarks (PSO, SA, Min-Min, Basic GA, PPO) alongside lower system cost",Assumes edge computation execution and result downloading latencies are negligible; algorithmic time complexity poses practical implementation constraints on resource-limited ocean edge devices,"[1]R. Du, J. Zhao, and Y. Gao, âSecure Computation Offloading Using Enhanced Genetic Algorithm for Ocean IoT,â Journal of Grid Computing, vol. 23, no. 1, Feb. 2025, doi: 10.1007/s10723-025-09797-3."
s11277-020-07480-2.pdf,Heuristic Relay-Node Selection in Opportunistic Network Using RNN-LSTM Based Mobility Prediction,Include,,Koushik2020,"C. P. Koushik, P. Vetrivelan",2020,Journal,10.1007/s11277-020-07480-2,Opportunistic Network / Delay Tolerant Network (DTN),Particle Swarm Optimization (PSO) for trust-based optimal relay node selection,Distributed mobile nodes (GPS-enabled anchor nodes and non-GPS sensor nodes) performing local heuristic search,Opportunistic routing and optimal relay node selection,"Employs store-carry-forward paradigm, establishes an Inter-Communication Range (ICR) to avoid link breakage during transmission, and initiates retransmission if ACK is not received","Evaluated Packet Delivery Ratio (PDR), average latency, and overhead ratio in The ONE simulator. Achieved higher PDR (5% above Spray and Wait, 55% above MaxProp, 80% above Epidemic), lower average latency (5% to 90% reduction), and reduced overhead compared to baselines.",Assumes a static destination node at the coordinate origin; computational complexity of RNN-LSTM training on constrained nodes is not fully addressed; non-GPS nodes depend on meeting anchor nodes for localization.,"[1]C. P. Koushik and P. Vetrivelan, âHeuristic Relay-Node Selection in Opportunistic Network Using RNN-LSTM Based Mobility Prediction,â Wireless Personal Communications, vol. 114, no. 3, pp. 2363â2388, May 2020, doi: 10.1007/s11277-020-07480-2."
s11277-020-07579-6.pdf,Trust and Opportunity Based Routing Framework in Wireless Sensor Network Using Hybrid Optimization Algorithm,Exclude,Assumes continuous end-to-end multi-hop connectivity in a standard Wireless Sensor Network (WSN) rather than operating in an intermittent or delay-tolerant network (DTN).,Patil2020,"Pritesh A. Patil, Rajkumar S. Deshpande, Pradeep B. Mane",2020,Journal,10.1007/s11277-020-07579-6,Wireless Sensor Network (WSN) / Wireless Mesh Network,"Monarch-Cat Swarm Optimization (M-CSO), hybridizing Monarch Butterfly Optimization (MBO) with Cat Swarm Optimization (CSO)",Global optimization of entire multi-hop routing path vectors across secure sensor nodes,Trust-aware opportunistic routing and intermediate node selection,Predicts Link Life Time (LLT) using node mobility vectors and coordinates to select routes that minimize link breakages,"Maximal detection rate of 74.95%, throughput of 77.7%, delay of 6.7 s, and route distance of 102.67 under DoS and Blackhole attacks across 50 and 100 node networks, outperforming TARF, SOAR, and ACOSR.",Relies on continuous path generation across static/mobile connected nodes without store-carry-forward DTN mechanisms; evaluated purely via NS2 simulations.,"[1]P. A. Patil, R. S. Deshpande, and P. B. Mane, âTrust and Opportunity Based Routing Framework in Wireless Sensor Network Using Hybrid Optimization Algorithm,â Wireless Personal Communications, vol. 115, no. 1, pp. 415â437, Jun. 2020, doi: 10.1007/s11277-020-07579-6."
s11277-021-08142-7.pdf,A New QoS Adaptive Multi-path Routing for Video Streaming in Urban VANETs Integrating Ant Colony Optimization Algorithm and Fuzzy Logic,Include,,Vafaei2021,"Mohammad Vafaei, Ahmad Khademzadeh, Mohammad Ali Pourmina",2021,Journal,10.1007/s11277-021-08142-7,Urban VANET with intermittent connectivity and network partitions,Ant Colony Optimization (ACO) combined with fuzzy logic for junction-based multi-path routing,Distributed lightweight ant packets generated and routed across vehicles and static junction nodes (SNs),"Multi-path QoS routing and frame-differentiated video packet forwarding (I-frames on TCP primary path, P/B frames on UDP secondary path)","Store-carry-and-forward relaying by moving vehicles during link disconnections, utilizing opportunistic contact with oncoming vehicles on two-lane street segments to repair partitions","Evaluated average PDR, end-to-end delay, routing overhead, and PSNR. Outperformed baseline protocols (AQRV, VACO, MSLND) across various vehicle densities, speeds, and segment lengths.","Relies on static nodes (SNs/APs) placed at every junction, evaluated in synthetic simulation (NS-2/VanetMobiSim) with simplified Poisson vehicle distributions, and lacks real-world testbed validation.","[1]M. Vafaei, A. Khademzadeh, and M. A. Pourmina, âA New QoS Adaptive Multi-path Routing for Video Streaming in Urban VANETs Integrating Ant Colony Optimization Algorithm and Fuzzy Logic,â Wireless Personal Communications, vol. 118, no. 4, pp. 2539â2572, Feb. 2021, doi: 10.1007/s11277-021-08142-7."
s12083-023-01557-y.pdf,ARO-RTP: Performance analysis of an energy efficient opportunistic routing for underwater IoT networks,Include,,Simon2024,"Judy Simon, M Aarthi Elaveini, N. Kapileswar, P. Phani Kumar",2024,Journal,10.1007/s12083-023-01557-y,Underwater Internet of Things (UIoT) / Underwater Acoustic Sensor Networks (UWSNs),"Artificial Rabbits Optimization (ARO) incorporating detour foraging, random hiding, and energy shrink strategies",Lightweight distributed underwater sensor nodes using internal depth sensors and local energy/signal metrics without centralized global control,Opportunistic routing and relay node selection for multi-hop packet forwarding toward a surface sink,"Opportunistic forwarding set selection, neighbor fitness based on depth to avoid void holes, overhearing mechanisms, and block-level hop-by-hop retransmission in RTP","Achieved 92% PDR on 700 nodes (compared to 73% for GWO), reduced end-to-end delay to 34 s, lowered energy consumption to 260 J on 700 nodes, and extended network lifetime to 1050 s",Evaluated only in simulation; assumes horizontal node drift is negligible; validated only for a single static surface sink architecture without hybrid stationary/mobile node testing,"[1]J. Simon, M. A. Elaveini, N. Kapileswar, and P. P. Kumar, âARO-RTP: Performance analysis of an energy efficient opportunistic routing for underwater IoT networks,â Peer-to-Peer Networking and Applications, vol. 17, no. 1, pp. 1â17, Oct. 2023, doi: 10.1007/s12083-023-01557-y."
s12083-026-02250-6.pdf,Improved data forwarding strategy for Flying Delay-Tolerant Networks (FDTNs) using a hybrid nature-inspired optimization approach,Include,,Azzoug2026,Youcef Azzoug,2026,Journal,10.1007/s12083-026-02250-6,Flying Delay-Tolerant Networks (FDTNs) / sparse 3D FANETs,Hybrid Glowworm Swarm Optimization (GSO) and Intelligent Water-Drop (IWD),Distributed edge nodes divided into Explorer UAVs (random exploration mobility) and Transporter UAVs (deterministic map-based mobility) operating via local U2U contacts,Store-Carry-and-Forward (SCF) opportunistic routing and relay UAV selection,Store-Carry-and-Forward (SCF) mechanism combined with a fallback geographic greedy route recovery strategy when exploration/buffer time thresholds are exceeded,"Evaluated delivery probability, average delivery delay, and overhead ratio across varying UAV density, speed, TTL, and generation intervals; achieved higher delivery probability and reduced delivery delays compared to ProPHET, LADTR, CORF, GeoSnW, and ACO, though incurring higher overhead rates",High routing overhead/flooding during the exploration phase; potential route recovery overuse in vast sparse scenarios; assumes unlimited energy on UAVs via solar harvesting,"[1]Y. Azzoug, âImproved data forwarding strategy for Flying Delay-Tolerant Networks (FDTNs) using a hybrid nature-inspired optimization approach,â Peer-to-Peer Networking and Applications, vol. 19, no. 4, Jun. 2026, doi: 10.1007/s12083-026-02250-6."
Satell Commun Network - 2022 - Wang - Resource scheduling in mobile edge computing using improved ant colony algorithm for.pdf,Resource scheduling in mobile edge computing using improved ant colony algorithm for space information network,Include,,Wang2023,"Yufei Wang, Jun Liu, Yu Tong, Qingwen Yang, Yanyi Liu, Hanbo Mou",2023,Journal,10.1002/sat.1467,"Space Mobile Edge Computing Network (SMECN) / Space Information Network (SIN) consisting of LEO, MEO, GEO satellites and ground stations with time-varying orbital visibility.","Improved Ant Colony Optimization Resource Scheduling (IACORS) with modified heuristic factors and pheromones based on time/resource constraints and roulette wheel selection, paired with Improved Contract Net Protocol (ICNP) for dynamic rescheduling.",Ant agents map decomposed subtasks to edge/space servers; individual satellite nodes act as autonomous agents for dynamic bidding and task re-allocation.,Subtask decomposition and multi-objective resource scheduling/task allocation across hierarchical space edge nodes.,"Employs time slice dynamic topology modeling; when communication is interrupted during satellite movement, an Improved Contract Net Protocol (ICNP) triggers bidding and task migration across reachable neighbor satellite agents.","Evaluated task execution time, resource usage, time-resource product, and resource allocation rate (91.65% at 200 tasks). Reduced execution time by 17.52% compared to Min-Min and resource usage by 9.58% compared to PSO.",Heuristic optimization creates load imbalance across space nodes; assumes predictable time-slice topology windows and idealized contract bidding overhead.,"[1]Y. Wang, J. Liu, Y. Tong, Q. Yang, Y. Liu, and H. Mou, âResource scheduling in mobile edge computing using improved ant colony algorithm for space information network,â International Journal of Satellite Communications and Networking, vol. 41, no. 4, pp. 331â356, Nov. 2022, doi: 10.1002/sat.1467."
sensors-23-02860.pdf,Swarm Intelligence Internet of Vehicles Approaches for Opportunistic Data Collection and Traffic Engineering in Smart City Waste Management,Include,,Ijemaru2023,"Gerald K. Ijemaru, Li-Minn Ang, Kah Phooi Seng",2023,Journal,10.3390/s23052860,Delay-tolerant vehicular edge network / large-scale wireless sensor network (LS-WSN) for smart city waste management consisting of spatially disconnected regions,"Improved Energy-Efficient Ant-Based Routing (IEEABR), compared with EBAR, Bee-Sensor-C, and Flooded Forward Ant-based Routing (FF)",Distributed static sensor nodes/cluster heads in smart bins interacting via single-hop transmissions with mobile Data Collector Vehicles (DCVs) traversing partitioned regions,"Opportunistic data collection routing, DCV trajectory/path planning, and adaptive network partitioning",Employs delay-tolerant network (DTN) mechanisms where mobile DCVs physically traverse unconnected network segments and gather buffered data opportunistically at designated collection points,"IEEABR achieved 91.27% average packet delivery ratio (up to 95%), lowest latency (3.26 ms), lowest energy consumption (1389.6 J), and highest energy efficiency (1981.87 bits/J), outperforming EBAR, Bee-Sensor-C, and FF",Assumes DCVs have unconstrained energy and move at fixed speeds; lacks validation against realistic vehicular traffic dynamics or real-world physical deployment,"[1]G. K. Ijemaru, L.-M. Ang, and K. P. Seng, âSwarm Intelligence Internet of Vehicles Approaches for Opportunistic Data Collection and Traffic Engineering in Smart City Waste Management,â Sensors, vol. 23, no. 5, p. 2860, Mar. 2023, doi: 10.3390/s23052860."
space.0144.pdf,Computation Offloading and Resource Allocation for E2E Tasks in Satellite Edge Computing Networks,Exclude,"Assumes continuous end-to-end connectivity across instantaneous multi-hop inter-satellite links solved via Dijkstra's algorithm, rather than an intermittent or delay-tolerant opportunistic network.",Qu2024,"Yunbo Qu, Tingting Zhang, Yuan Feng, Tongyang Xu, Zijian Guo",2024,Journal,10.34133/space.0144,Satellite Edge Computing (SatEC) / LEO satellite constellation,Binary Particle Swarm Optimization (BPSO),Centralized optimization where access and task offloading decisions are encoded as particle positions and velocities,"Joint computation offloading, access satellite selection, routing, and communication/computation resource allocation",Not handled via DTN/store-carry-forward; enforces a constraint that task upload must complete within the geometric coverage window duration of the satellite,"Network joint overhead (weighted sum of task delay and energy consumption); proposed scheme reduces overhead by 15.51% to 22.06% compared to NDOMRA, GOMRA, and ROMRA baselines",Assumes simultaneous end-to-end multihop ISL connectivity and static topology during task offloading; routing is delegated to centralized Dijkstra's algorithm rather than adaptive/opportunistic DTN routing,"[1]Y. Qu, T. Zhang, Y. Feng, T. Xu, and Z. Guo, âComputation Offloading and Resource Allocation for E2E Tasks in Satellite Edge Computing Networks,â Space: Science &amp; Technology, vol. 4, Jan. 2024, doi: 10.34133/space.0144."
Task_Offloading_Optimization_U.PDF,Task Offloading Optimization Using PSO in Fog Computing for the Internet of Drones,Exclude,"Assumes continuous and stable wireless connectivity between UAVs, Fog Base Stations, and Cloud servers, rather than operating in an intermittent or delay-tolerant network environment.",Zaidi2025,"Sofiane Zaidi, Mohamed Amine Attalah, Lazhar Khamer, Carlos T. Calafate",2025,Journal,10.3390/drones9010023,Internet of Drones (IoD) Fog Computing,Standard Particle Swarm Optimization (PSO),Centralized execution deployed on Fog Base Stations (FBS) to optimize task assignment from client UAVs,Task offloading and scheduling optimization,"Not specified (explicitly assumes stable continuous wireless connections between UAVs, FBSs, and cloud servers)",Total task offloading delay (transmission and computation delay); PSO BS-Fog reduced task offloading delay by up to 88.9% compared to PSO UAV-Fog and by up to 98% compared to PSO UAV-Edge.,"Explicitly assumes uninterrupted, stable wireless links; does not consider link interruptions, packet drops, or energy consumption trade-offs.","[1]S. Zaidi, M. A. Attalah, L. Khamer, and C. T. Calafate, âTask Offloading Optimization Using PSO in Fog Computing for the Internet of Drones,â Drones, vol. 9, no. 1, p. 23, Dec. 2024, doi: 10.3390/drones9010023."
An_Adaptive_Swarm_Intelligence_Algorithm_for_Resilient_Task_Execution_in_Intermittent_Edge_Environments.pdf,An Adaptive Swarm Intelligence Algorithm for Resilient Task Execution in Intermittent Edge Environments,Include,,Lees2025,Antony Lees,2025,Conference Proceedings,10.1109/ICA67499.2025.00026,"Intermittent mobile edge computing and IoT environments (e.g., remote IoT deployments, MANETs, disaster response scenarios)","Adaptive Swarm for Intermittent Edge Tasks (ASIET), a bio-inspired foraging ant-like swarm intelligence model",Decentralized Worker Agents acting as execution probes and Manager Agents maintaining a collective dynamic knowledge base,"Task scheduling, execution management, and re-attempt scheduling across unreliable edge nodes","Utilizes defined wait periods before connection (W_p) and during mid-task disconnections (W_l) with task state resumption, failure reporting, and dynamic delay periods (D_p) based on historical reliability scores",Not specified (conceptual algorithm design and theoretical framework; no quantitative simulation or empirical evaluation results presented),"Lacks empirical validation and benchmark comparisons; waiting and delay parameters (W_p, W_l, D_p) are statically defined rather than dynamically adapted in the current stage","[1]A. Lees, âAn Adaptive Swarm Intelligence Algorithm for Resilient Task Execution in Intermittent Edge Environments,â 2025 IEEE International Conference on Agentic AI (ICA), pp. 82â83, Dec. 2025, doi: 10.1109/ica67499.2025.00026."
Resilient_Edge_Intelligence_Integrating_Swarm_Logic_with_Lightweight_Agents_and_Localised_SLMs.pdf,Resilient Edge Intelligence: Integrating Swarm Logic with Lightweight Agents and Localised SLMs,Include,,Lees2026,Antony Lees,2026,Conference Proceedings,10.1109/ICAISET66439.2026.11541396,"Intermittent edge computing / extreme edge IoT (tested on a throttled 150 kbps link with 40% packet loss and hard disconnections; applicable to remote IoT, disaster response, and kinetic edge/drone networks)",Adaptive Swarm for Intermittent Edge Tasks (ASIET) - a bio-inspired foraging ant-like swarm algorithm with dynamic wait-period calculations and collective feedback learning,"Lightweight mobile Worker Agents executed via the single-binary PicoClaw orchestrator interacting with local/transported Small Language Models (SLMs), coordinated by Manager Agents holding collective knowledge","Task scheduling, autonomous agent dispatch/transport, local offline execution, and adaptive delay/wait-time management","Uses explicit mathematical wait periods: an initial Wait Period (Wp) and a dynamic Connection Loss Wait Period (Wl) scaled by task completion/sunk cost; Worker Agents become dormant and yield CPU, resume execution upon reconnection, triage memory under saturation, and rely on local SLM for offline problem solving",Achieved 100% payload retention during a 112s hard network outage (compared to total loss in traditional TCP baseline); ~38% reduction in total bandwidth consumption (~10.1 MB vs 16.5 MB); enabled offline execution and script generation in 4.2s local inference time,Zero-trust security hash validation adds baseline handshake latency overhead; reliance on local SLMs introduces safety risks from hallucinations requiring AST parsing/sandboxing; evaluated on a single-gateway proof-of-concept simulation rather than a large-scale real-world testbed,"[1]A. Lees, âResilient Edge Intelligence: Integrating Swarm Logic with Lightweight Agents and Localised SLMs,â 2026 International Conference on Artificial Intelligence, Systems, and Emerging Technologies (ICAISET), pp. 1â6, Apr. 2026, doi: 10.1109/icaiset66439.2026.11541396."
978-981-16-6963-7 Copy.pdf,A Multi-link Data Congestion Control Algorithm in Spatial Delay Tolerance Network,Include,,Yi2022,"Li Yi, Renjie Zhang",2022,Conference Proceedings,https://doi.org/10.1007/978-981-16-6963-7_104,"Spatial Delay Tolerant Network (DTN) involving satellites, aircraft, and ground nodes","Ant Colony Algorithm (ACO) adapted with node cache saturation sensing, pheromone-based probabilistic forwarding, replica quota allocation, and dynamic pheromone dissemination/volatilization rules","Distributed mobile edge/DTN nodes making autonomous local decisions based on perceived cache states, encounter probabilities, and pheromone tables","Routing decision-making, replication copy allocation, congestion control, and route maintenance","Employs store-and-forward mechanisms, historical node meeting probability estimation via exponential smoothing, quota-based replication, and pheromone volatilization when links are broken for long durations",Evaluated data congestion rate and data transmission success rate via NS2 simulation. The proposed scheme reduced congestion rate to ~5–7% (compared to 20–25% in baselines) and increased data transmission success rate to over 90–95% (compared to 75–85% in baselines).,Evaluated primarily in a simulated NS2 environment with limited node mobility parameters; detailed analysis of data packet loss and network throughput was not evaluated in depth and left for future work.,"[1]L. Yi and R. Zhang, âA Multi-link Data Congestion Control Algorithm in Spatial Delay Tolerance Network,â The International Conference on Image, Vision and Intelligent Systems (ICIVIS 2021), pp. 1185â1194, 2022, doi: 10.1007/978-981-16-6963-7_104."
Complexity - 2021 - Wu - A Reputation ValueBased TaskSharing Strategy in Opportunistic Complex Social Networks.pdf,A Reputation Value‐Based Task‐Sharing Strategy in Opportunistic Complex Social Networks,Include,,Wu2021,"Jia Wu, Fangfang Gou, Wangping Xiong, Xian Zhou",2021,Journal,10.1155/2021/8554351,Opportunistic complex social networks / Mobile Edge Computing (MEC),Improved Particle Swarm Optimization (PSO) with adaptive cosine-based dynamic inertia weighting and iteration-dependent dynamic acceleration factors,Smart mobile edge terminal devices collaborating with MEC servers and a trusted authority,Computation task-sharing/offloading decision-making and reputation-based computational resource allocation,Employs opportunistic store-carry-and-forward DTN routing and reputation-based node filtering to avoid non-cooperating/malicious nodes during intermittent contact,"Evaluated using ONE simulation tool on real CRAWDAD datasets (Infocom5, Infocom6, Cambridge, Intel); DERV demonstrated higher packet transfer ratio, lower end-to-end delay, reduced routing overhead, and lowest overall energy consumption compared to FCNS, SCR, MILECR, and Epidemic routing algorithms",Relies on an available centralized trusted authority for reputation management; assumes full task offloading without evaluating partial offloading or intermediate small-cell buffering,"[1]J. Wu, F. Gou, W. Xiong, and X. Zhou, âA Reputation ValueâBased TaskâSharing Strategy in Opportunistic Complex Social Networks,â Complexity, vol. 2021, no. 1, Jan. 2021, doi: 10.1155/2021/8554351."
IET Networks - 2020 - Yelure - ACO IBR  a modified intersectionbased routing approach for the VANET.pdf,ACO–IBR: a modified intersection‐based routing approach for the VANET,Include,,Yelure2020,"Bhushan Yelure, Shefali Sonavane",2020,Journal,10.1049/iet-net.2020.0035,"Urban Vehicular Ad Hoc Network (VANET) / vehicular edge network with intermittent connectivity, moving vehicles, and static intersection nodes",Ant Colony Optimization (ACO) combined with Intersection-Based Routing (ACO-IBR) using forward/backward ant agents and local/global pheromone updates,Distributed lightweight edge agents (vehicles and static intersection nodes) running proactive and reactive ant agents without centralized control,Optimal route discovery and packet routing,Employs an Intersection Rating (IR) metric to route packets around void regions and network partitions; packets are queued at static intersection nodes when greedy forwarding lacks immediate neighbors,"Evaluated Packet Delivery Ratio (PDR), routing overhead, delay, and throughput across transmission ranges (100-500 m) and vehicle densities (50-100 vehicles). ACO-IBR improved PDR by up to 44.05% and reduced routing overhead compared to GPSR, IBR, AntHocNet, and ZRP.",Relies on deployment of static nodes at road intersections; does not address security/message integrity; evaluated purely via simulation (NS-2.35 and VanetMobiSim) rather than real testbeds.,"[1]B. Yelure and S. Sonavane, âACOâIBR: a modified intersectionâbased routing approach for the VANET,â IET Networks, vol. 9, no. 6, pp. 348â359, Nov. 2020, doi: 10.1049/iet-net.2020.0035."
Mobile Information Systems - 2020 - Zhang - Efficient Multitask Scheduling for Completion Time Minimization in UAVAssisted.pdf,Efficient Multitask Scheduling for Completion Time Minimization in UAV-Assisted Mobile Edge Computing,Include,,Zhang2020,"Bingxin Zhang, Guopeng Zhang, Shuai Ma, Kun Yang, Kezhi Wang",2020,Journal,10.1155/2020/8791030,UAV-assisted Mobile Edge Computing (MEC) in obstructed/remote environments (store-carry-forward relaying),Particle Swarm Optimization (PSO) embedded within an iterative task-group scheduling framework,Single-system optimization solving for UAV hovering positions and offloading schedules across task-groups,Joint multitask scheduling (UAV execution vs. BS offloading) and UAV hovering position / flight trajectory optimization,Store-carry-and-forward mechanism where the mobile UAV caches task data from the obstructed UE and flies toward the BS to relay data,"Task completion time and convergence rate. The proposed PSO-based scheduling achieved the lowest total execution time across varying application data sizes (20–300 MB) and UAV speeds compared to stationary, cyclic, and UAV-only execution baselines.",Evaluated only on a single-UE and single-UAV topology; assumes communication occurs only while hovering rather than in-flight; ignores computation result feedback delay; restricted to 1D trajectory along the UE-BS axis.,"[1]B. Zhang, G. Zhang, S. Ma, K. Yang, and K. Wang, âEfficient Multitask Scheduling for Completion Time Minimization in UAV-Assisted Mobile Edge Computing,â Mobile Information Systems, vol. 2020, pp. 1â11, Jun. 2020, doi: 10.1155/2020/8791030."
